{
  "type": "modern_industrialization:quarry",
  "eu": 8,
  "duration": 600,
  "item_inputs": {
    "item": "modern_industrialization:gold_drill",
    "amount": 1,
    "probability": 0.025
  },
  "item_outputs": [
    {
      "item": "minecraft:netherrack",
      "amount": 64
    },
    {
      "item": "minecraft:blackstone",
      "amount": 16,
      "probability": 0.25
    },
    {
      "item": "minecraft:basalt",
      "amount": 16,
      "probability": 0.25
    },
    {
      "item": "minecraft:soul_soil",
      "amount": 20,
      "probability": 0.1
    },
    {
      "item": "minecraft:magma_block",
      "amount": 10,
      "probability": 0.05
    },
    {
      "item": "minecraft:soul_sand",
      "amount": 20,
      "probability": 0.25
    },
    {
      "item": "minecraft:ancient_debris",
      "amount": 1,
      "probability": 0.01
    },

    {
      "item": "minecraft:glowstone",
      "amount": 6,
      "probability": 0.05
    },
    {
      "item": "minecraft:nether_quartz_ore",
      "amount": 6,
      "probability": 0.15
    },
    {
      "item": "minecraft:nether_gold_ore",
      "amount": 5,
      "probability": 0.05
    },
    {
      "item": "techreborn:sphalerite_ore",
      "amount": 5,
      "probability": 0.05
    },
    {
      "item": "techreborn:pyrite_ore",
      "amount": 3,
      "probability": 0.04
    },
    {
      "item": "techreborn:cinnabar_ore",
      "amount": 3,
      "probability": 0.04
    },
    {
      "item": "byg:pervaded_netherrack",
      "amount": 3,
      "probability": 0.03
    }
  ]
}