{
  "allowedTags": {
    "minecraft:copper_ores": 1,
    "minecraft:coal_ores": 1,
    "minecraft:gold_ores": 2,
    "minecraft:iron_ores": 2,
    "c:nikolite_ores": 2,
    "c:tin_ores": 2,
    "minecraft:redstone_ores": 2,
    "c:lead_ores": 3,
    "c:silver_ores": 3,
    "c:tungsten_ores": 3,
    "minecraft:diamond_ores": 4,
    "minecraft:emerald_ores": 4,
    "c:ancient_debris_ores": 4,
    "c:antimony_ores": 4,
    "c:bauxite_ores": 4,
    "c:certus_quartz_ores": 4,
    "c:cinnabar_ores": 4,
    "c:coal_ores": 4,
    "c:copper_ores": 4,
    "c:diamond_ores": 4,
    "c:emerald_ores": 4,
    "c:galena_ores": 4,
    "c:gold_ores": 4,
    "c:iridium_ores": 6,
    "c:iron_ores": 4,
    "c:lapis_ores": 4,
    "c:lignite_coal_ores": 4,
    "c:mozanite_ores": 4,
    "c:nickel_ores": 4,
    "c:peridot_ores": 4,
    "c:platinum_ores": 4,
    "c:pyrite_ores": 4,
    "c:quartz_ores": 4,
    "c:redstone_ores": 4,
    "c:ruby_ores": 4,
    "c:salt_ores": 4,
    "c:sapphire_ores": 4,
    "c:sheldonite_ores": 5,
    "c:sodalite_ores": 5,
    "c:sphalerite_ores": 5,
    "c:titanium_ores": 6,
    "c:uranium_ores": 6
  }
}