{
  "inv_toggle": false,
  "inv_mini": false,
  "inv_vert": true,
  "inv_alpha": 0,
  "inv_hide_b_g": false,
  "inv_aminated": false,
  "pot_toggle": false,
  "pot_alpha": 100,
  "pot_gap": 0,
  "pot_mini": false,
  "bar_duration": 300,
  "pot_hor": false,
  "arm_toggle": true,
  "arm_above": 100,
  "arm_view": "off",
  "move_all": false,
  "show_empty": false,
  "show_armor": false,
  "show_main": true,
  "show_off": false,
  "show_arrows": false,
  "show_inv": false,
  "arm_bars": true,
  "arm_scale": 100,
  "show_count": true,
  "inv_x": 0,
  "inv_y": 0,
  "inv_val": "TOP",
  "inv_hal": "MIDDLE",
  "pot_x": 36,
  "pot_y": 0,
  "pot_val": "TOP",
  "pot_hal": "LEFT",
  "arm_x": 90,
  "arm_y": 131,
  "arm_val": "BOTTOM",
  "arm_hal": "RIGHT",
  "helm_x": 158,
  "helm_y": 47,
  "chest_x": 183,
  "chest_y": 59,
  "leg_x": 126,
  "leg_y": 92,
  "boots_x": 195,
  "boots_y": 18,
  "main_x": -101,
  "main_y": 21,
  "off_x": 181,
  "off_y": 0,
  "arr_x": 143,
  "arr_y": 144,
  "inv_icon_x": 153,
  "inv_icon_y": 137,
  "helm_hal": "RIGHT",
  "chest_hal": "RIGHT",
  "leg_hal": "RIGHT",
  "boots_hal": "LEFT",
  "main_hal": "MIDDLE",
  "off_hal": "LEFT",
  "arr_hal": "LEFT",
  "inv_icon_hal": "LEFT",
  "helm_val": "BOTTOM",
  "chest_val": "BOTTOM",
  "leg_val": "BOTTOM",
  "boots_val": "BOTTOM",
  "main_val": "BOTTOM",
  "off_val": "CENTER",
  "arr_val": "BOTTOM",
  "inv_icon_val": "TOP"
}