{
	"type": "minecraft:entity",
	"pools": [
	  {
		"rolls": 1.0,
		"bonus_rolls": 0.0,
		"entries": [
		  {
			"type": "minecraft:item",
			"functions": [
			  {
				"function": "minecraft:furnace_smelt",
				"conditions": [
				  {
					"condition": "minecraft:entity_properties",
					"predicate": {
					  "flags": {
						"is_on_fire": true
					  }
					},
					"entity": "this"
				  }
				]
			  }
			],
			"name": "artifacts:everlasting_beef"
		  }
		],
		"conditions": [
		  {
			"condition": "artifacts:configurable_random_chance",
			"default_probability": 0.0
		  },
		  {
			"condition": "minecraft:killed_by_player"
		  }
		]
	  }
	]
  }