[
  {
    "name": "shitass",
    "uuid": "069a79f4-44e9-4726-a5be-fca90e38aaf5",
    "cloak": "uni"
  },
  {
    "name": "Zartrix",
    "uuid": "2d13dea6-a44e-4712-a769-f4c705eadd0d",
    "cloak": "crimson"
  },
  {
    "name": "Kaze_Tr",
    "uuid": "40913369-bccf-4dec-a5f1-1eb970e77302",
    "cloak": "flamingo"
  },
  {
    "name": "Ege_PERDE",
    "uuid": "563ece82-b0ec-4b06-b67f-48172be04511",
    "cloak": "lapis"
  },
  {
    "name": "oCring",
    "uuid": "0a485ab6-64d8-44a9-867a-d53f2b2671bf",
    "cloak": "uni"
  },
  {
    "name": "axolotlite",
    "uuid": "7d9c612a-813e-4610-8d7e-46a65376aae0",
    "cloak": "flamingo"
  },
  {
    "name": "Alganom",
    "uuid": "24a62e48-1484-4b76-bd03-8db727c03d1c",
    "cloak": "azure"
  },
  {
    "name": "Not_Office_Chair",
    "uuid": "f1a4a8ee-e5f8-4f4b-ae02-7b44e3adf884",
    "cloak": "crimson"
  },
  {
    "name": "Ithealis",
    "uuid": "e0e38811-5f17-40f7-a07b-e1490be9e916",
    "cloak": "violet"
  },
  {
    "name": "awgee",
    "uuid": "14a1216c-97ff-465c-b7fc-6ff65930afe3",
    "cloak": "uni"
  },
  {
    "name": "GrayDisk",
    "uuid": "490c5348-a136-4aae-b9c6-c8f350f38833",
    "cloak": "violet"
  },
  {
    "name": "Alacritz",
    "uuid": "4d6798e0-8b35-47b9-b5e5-fbf4ce02e4c9",
    "cloak": "crimson"
  },
  {
    "name": "Banter",
    "uuid": "cd623f55-d77e-4863-98dd-f2e7ea445484",
    "cloak": "golden"
  },
  {
    "name": "cordie_",
    "uuid": "98befb97-0ef7-46ad-91ca-57ca0e882ff2",
    "cloak": "military"
  },
  {
    "name": "LittleLadRuby_",
    "uuid": "2f20806c-a66d-4e7c-97d6-fea230f1aedf",
    "cloak": "azure"
  },
  {
    "name": "100persent",
    "uuid": "03f6f092-6154-4ce3-b5da-a62682c6f372",
    "cloak": "smoky"
  },
  {
    "name": "GonGucket",
    "uuid": "21a26e94-3f72-4c89-99eb-5ea7d396e876",
    "cloak": "violet"
  },
  {
    "name": "Librarian_Night",
    "uuid": "85e9a0ed-bc6a-4e6f-892f-e59148ab256a",
    "cloak": "void"
  },
  {
    "name": "Sleenc",
    "uuid": "75eca923-1a66-4583-b596-c401c50bc2f5",
    "cloak": "mint"
  },
  {
    "name": "Efonu",
    "uuid": "8244cad5-53ec-4a27-9b38-faeb1f6ee949",
    "cloak": "turtle"
  },
  {
    "name": "Nuggetcake",
    "uuid": "52862eba-919b-4d28-a364-5deef753d06d",
    "cloak": "violet"
  },
  {
    "name": "myros27",
    "uuid": "a6906cb7-5e8b-4197-953d-ff9e44185a1f",
    "cloak": "void"
  },
  {
    "name": "CowsCanCraft",
    "uuid": "c7b541f3-e76b-4a7c-a8a5-71b1d9f03e09",
    "cloak": "coffee"
  },
  {
    "name": "LucaryTales",
    "uuid": "9192595b-0754-47c4-84e1-c5523662e4df",
    "cloak": "violet"
  },
  {
    "name": "Typical_Tys0n",
    "uuid": "75934f4b-2756-4138-969b-1e328076b21b",
    "cloak": "mint"
  },
  {
    "name": "aSomik",
    "uuid": "b80d1914-d70a-410f-b4bd-90e384520470",
    "cloak": "violet"
  },
  {
    "name": "SrKenny",
    "uuid": "d16f8ae3-1a81-4e2d-9f6d-9ee82b3b440b",
    "cloak": "violet"
  },
  {
    "name": "moltstar",
    "uuid": "cafcc8d5-1495-408b-a9b1-c78a6831c40d",
    "cloak": "violet"
  },
  {
    "name": "Primrose",
    "uuid": "c9f889b0-ca24-4d7c-a8f7-4d47166d665d",
    "cloak": "golden"
  },
  {
    "name": "NightyLights",
    "uuid": "d6c6119d-2678-4ac5-afc3-98668709f73b",
    "cloak": "golden"
  },
  {
    "name": "Yumatan",
    "uuid": "6033bd1a-ec00-4c3e-8e44-556b0a1d7255",
    "cloak": "mystic"
  },
  {
    "name": "TPsquid",
    "uuid": "531d129a-3467-49fd-83d0-ad66b43e4e7a",
    "cloak": "violet"
  },
  {
    "name": "ReyReyy",
    "uuid": "a5897622-7559-4b15-ab62-914782c3183f",
    "cloak": "crimson"
  },
  {
    "name": "nchsusi",
    "uuid": "6081792f-b8e3-4cb8-b21e-88afe826a89d",
    "cloak": "violet"
  },
  {
    "name": "cuasi64",
    "uuid": "fffa9cd5-fffa-4ba8-a912-25cd57392c5f",
    "cloak": "void"
  },
  {
    "name": "VincPlyz",
    "uuid": "932b9854-be31-4e42-b5d6-6ad11082d7c6",
    "cloak": "lapis"
  },
  {
    "name": "Soultism",
    "uuid": "cc9919ad-b421-452f-b996-b355c2585399",
    "cloak": "void"
  },
  {
    "name": "Texascoolguy",
    "uuid": "d4077bfb-1ce7-4896-a9b2-5aa0766d18b5",
    "cloak": "mint"
  },
  {
    "name": "Biera_",
    "uuid": "5336ca91-a917-4eda-b3ad-2893cbfa1d44",
    "cloak": "lapis"
  },
  {
    "name": "Dradon",
    "uuid": "3af9b267-13d2-4847-96e1-2f36cbbf4b58",
    "cloak": "turtle"
  },
  {
    "name": "KreyKelms",
    "uuid": "4c748a94-93dd-4a44-b7b3-4ac139cf7ec8",
    "cloak": "pumpkin"
  },
  {
    "name": "DerpDerpling",
    "uuid": "53908f5d-0a8b-406e-b12a-1510a90becb3",
    "cloak": "azure"
  },
  {
    "name": "ComradeKyuubi",
    "uuid": "c74184c0-956e-4d0d-8d1e-ed80a7e2b9a4",
    "cloak": "mystic"
  },
  {
    "name": "Dia",
    "uuid": "e8eff72f-b980-4550-bf72-52e0c70d2026",
    "cloak": "lapis"
  },
  {
    "name": "DiaMamad",
    "uuid": "12c2c3df-8367-4370-9634-98156e531165",
    "cloak": "lapis"
  },
  {
    "name": "very_small_giant",
    "uuid": "592954ca-1a0b-4e7c-82ba-46b62b824141",
    "cloak": "flamingo"
  },
  {
    "name": "RyanCR3",
    "uuid": "44eaf18a-c571-43e8-ba3a-0ea84ab10965",
    "cloak": "military"
  },
  {
    "name": "NINEDOTCOM",
    "uuid": "3a3de8f3-5c6b-4d7d-9d91-6749f04798e4",
    "cloak": "void"
  },
  {
    "name": "immortal_yt",
    "uuid": "ca9a5d72-90c6-4bdc-8a1e-07976e7948b4",
    "cloak": "void"
  },
  {
    "name": "Zeeno56",
    "uuid": "4312854c-7ca3-4470-b031-420c34a5dba5",
    "cloak": "violet"
  },
  {
    "name": "MariaTheYoung",
    "uuid": "31be2de3-9ce2-4b52-a4df-be5a31c65e22",
    "cloak": "turtle"
  },
  {
    "name": "bobbydodo123",
    "uuid": "3dfece39-621e-4061-a1fe-ae005824210e",
    "cloak": "military"
  },
  {
    "name": "DiegoBrando",
    "uuid": "22c9c433-ff3c-4f30-a7c6-5c9df1e7d1c3",
    "cloak": "pumpkin"
  },
  {
    "name": "wtfExovy1",
    "uuid": "65f50af5-bbb9-496e-b1c1-a6c881e8f5f7",
    "cloak": "mint"
  },
  {
    "name": "NotAShelf",
    "uuid": "7cf02ac2-eaa5-4c1c-a079-cb41aa06c2f5",
    "cloak": "void"
  },
  {
    "name": "kostanoykoster",
    "uuid": "2eb1a10a-0b05-43ac-b3a1-15291b193931",
    "cloak": "golden"
  },
  {
    "name": "Finnsden",
    "uuid": "cab75fd4-f6dc-49f3-9d9d-187197a17afe",
    "cloak": "mystic"
  },
  {
    "name": "Lattle",
    "uuid": "8b77b1ac-1fe0-41c3-852f-878f7e8094fe",
    "cloak": "turtle"
  },
  {
    "name": "tomino2009",
    "uuid": "bbc9e584-b70d-4dc5-8b3c-cd8880a689b4",
    "cloak": "lapis"
  },
  {
    "name": "crazycat1039",
    "uuid": "c49e3fe5-4e61-445b-b72d-451b6fc0e509",
    "cloak": "void"
  },
  {
    "name": "xy454",
    "uuid": "3e8c4ab4-197a-4ab9-a79a-5904939d1c79",
    "cloak": "lapis"
  },
  {
    "name": "Alex2216",
    "uuid": "1a6c33cb-543a-471a-bba5-8a7dced108a1",
    "cloak": "azure"
  },
  {
    "name": "Andry093",
    "uuid": "ce3db4ae-25e7-4253-aa21-f0554dc4a975",
    "cloak": "coffee"
  },
  {
    "name": "Aqua_tic",
    "uuid": "83d32844-e63e-4e24-a032-c0647c058de2",
    "cloak": "void"
  },
  {
    "name": "Ninccino",
    "uuid": "8c575c7a-9409-40cc-a7a5-6ca025220fd1",
    "cloak": "flamingo"
  },
  {
    "name": "Kagetsune",
    "uuid": "2640b3fc-982f-4710-8ceb-1c2fe95c2e93",
    "cloak": "military"
  },
  {
    "name": "emilyploszaj",
    "uuid": "d9cb8eaa-5b7c-4f06-b0f4-081b5b79423a",
    "cloak": "trans"
  },
  {
    "name": "SpoopyDS",
    "uuid": "502bc75a-b0ff-46e1-83fb-ffa6dd8ba9ad",
    "cloak": "coffee"
  },
  {
    "name": "__77",
    "uuid": "c8731623-13bb-48d0-b832-da5477f94366",
    "cloak": "cosmic"
  },
  {
    "name": "SunJustice",
    "uuid": "abac03cd-056c-4e91-9a66-9e526f626b15",
    "cloak": "lapis"
  },
  {
    "name": "troosee",
    "uuid": "82208f37-3cf9-4481-b1d3-af53c93907d9",
    "cloak": "void"
  },
  {
    "name": "DangDat",
    "uuid": "db328a7e-4c81-4525-8d9f-d44398d938aa",
    "cloak": "crimson"
  },
  {
    "name": "ElsiTheBee",
    "uuid": "d02e1c36-e9a1-4213-8bae-1ccabbdc75ae",
    "cloak": "non-binary"
  },
  {
    "name": "DakotaPride",
    "uuid": "1604e0a1-d64b-4395-8fe5-f67a9786b044",
    "cloak": "non-binary"
  },
  {
    "name": "FrizouWasThere",
    "uuid": "79a01d33-d427-43f0-8e3b-7bb0eceb269b",
    "cloak": "enchanted-jeb"
  },
  {
    "name": "auwyn",
    "uuid": "1dcde1e9-715f-49c6-97db-97ab59776e87",
    "cloak": "golden"
  },
  {
    "name": "sayhunter565",
    "uuid": "9fe4b3cf-29a5-4a63-aaaf-a46978e44964",
    "cloak": "pumpkin"
  },
  {
    "name": "riskybuilder",
    "uuid": "f2c41fe7-6615-44f7-a5ad-ee2ec81ae7ec",
    "cloak": "aromantic"
  },
  {
    "name": "JamSoda_",
    "uuid": "59e41aa8-f2b2-4bf4-b21e-ed4b1d0ac66a",
    "cloak": "genderfluid"
  },
  {
    "name": "MacMagex",
    "uuid": "4c29ce30-d9c6-4068-b93e-3b3220df26d8",
    "cloak": "bi"
  },
  {
    "name": "Guerrernico",
    "uuid": "c43c3293-f9a8-4cf4-aeee-ac64a9462835",
    "cloak": "mint"
  },
  {
    "name": "Zenpar",
    "uuid": "10efd6a9-1ace-49af-ba0d-6c0a2a6863e8",
    "cloak": "mint"
  },
  {
    "name": "ValeG_",
    "uuid": "404de327-3839-479a-887f-0491a8b594dc",
    "cloak": "void"
  },
  {
    "name": "NeonBlast22",
    "uuid": "827d7fbb-ab3e-4100-b3f2-7194689aed2e",
    "cloak": "mint"
  },
  {
    "name": "AlphaKr",
    "uuid": "866bd430-5118-4f23-881f-e9f9faca7adf",
    "cloak": "crimson"
  },
  {
    "name": "AsianCraft_",
    "uuid": "1b5a0d44-fe1b-4469-b3d1-6e2d0b408667",
    "cloak": "asexual"
  },
  {
    "name": "Whosremi",
    "uuid": "455e8583-c72c-4a3c-9721-7b968d0e6fc6",
    "cloak": "smoky"
  },
  {
    "name": "RobinGODD",
    "uuid": "fdd62eea-3fdf-4d07-91f1-ccccde5757aa",
    "cloak": "crimson"
  },
  {
    "name": "DominicSky",
    "uuid": "af3e429c-f7f0-46da-978e-5bbc54d07a5a",
    "cloak": "enchanted-jeb"
  },
  {
    "name": "RuveyzunII",
    "uuid": "9e771567-d93f-4714-9685-92f12edf09a1",
    "cloak": "jeb"
  },
  {
    "name": "samuelg22h",
    "uuid": "8ae27937-078b-4295-84fa-c2aad4b6c909",
    "cloak": "uni"
  },
  {
    "name": "LemmyGamer_YT",
    "uuid": "778d72c6-9588-4242-9ddd-48a90ac7d59a",
    "cloak": "golden"
  },
  {
    "name": "vaspy",
    "uuid": "e7b5b2e0-58f9-41a9-a1ca-fb3cd1ffb47f",
    "cloak": "cosmic"
  },
  {
    "name": "MrNewVegas493",
    "uuid": "e52b16e1-fbaa-4097-9af7-20a952b87773",
    "cloak": "pride"
  },
  {
    "name": "Bayti4Ek_FOX",
    "uuid": "8da8e6f1-f092-415c-82da-8162abf47ea6",
    "cloak": "uni"
  },
  {
    "name": "Eggplant436",
    "uuid": "b7be85fc-65c6-4866-aa49-36708ff9d5bf",
    "cloak": "mystic"
  },
  {
    "name": "lolw_haha",
    "uuid": "55901429-2bc7-4d50-84e6-d9a8bb5b516f",
    "cloak": "asexual"
  },
  {
    "name": "FLAGZ",
    "uuid": "e66af406-5867-4b94-b43a-0c7404cf1978",
    "cloak": "jeb"
  },
  {
    "name": "anig990",
    "uuid": "1ac17d00-1127-421a-9425-fa70f75ca3fc",
    "cloak": "mint"
  },
  {
    "name": "Pixel1511",
    "uuid": "55deaa8d-a674-4fdd-9cc4-c74267732f0f",
    "cloak": "jeb"
  },
  {
    "name": "AdamiusLP",
    "uuid": "10b63151-76eb-4ef4-8c6e-6c1e92201b1b",
    "cloak": "jeb"
  },
  {
    "name": "DedsecTV",
    "uuid": "3fe9afb9-5ea5-4628-a67f-eb4d7a6e51d2",
    "cloak": "enchanted-jeb"
  },
  {
    "name": "ArchAngela",
    "uuid": "4e1f6822-5939-4efc-872b-e9ce6f7e8543",
    "cloak": "void"
  },
  {
    "name": "GL1217",
    "uuid": "bb5decdf-8737-4626-b60a-7f894698d443",
    "cloak": "pumpkin"
  },
  {
    "name": "spindel10",
    "uuid": "a68886a1-0f12-4ddc-8fc4-3616cec706cb",
    "cloak": "lapis"
  },
  {
    "name": "Pim98",
    "uuid": "c3eb847c-b500-4205-8cd7-39599c737366",
    "cloak": "crimson"
  },
  {
    "name": "iillumine",
    "uuid": "35f0692b-0338-4631-be4a-d868f09f6a7c",
    "cloak": "void"
  },
  {
    "name": "Krat0s9",
    "uuid": "3e710546-83f0-4e28-abcd-19d2e92c4daf",
    "cloak": "crimson"
  },
  {
    "name": "casmin7",
    "uuid": "82f7ff2f-dabd-4b69-9217-fbbd8d63ccff",
    "cloak": "cosmic"
  },
  {
    "name": "ogyomama",
    "uuid": "ea4357b1-b646-48dc-be4f-cf931aa342d6",
    "cloak": "coffee"
  },
  {
    "name": "BlusteryCookie",
    "uuid": "4e5fefea-3ae0-4a78-8508-c1543ecbfb67",
    "cloak": "golden"
  },
  {
    "name": "Nerkin_",
    "uuid": "05738b1e-d9c6-4c49-8c0c-386c48a183cd",
    "cloak": "cosmic"
  },
  {
    "name": "perforatorr",
    "uuid": "f036bf39-f5b1-4a3a-a9a9-e54cde2fa257",
    "cloak": "cosmic"
  },
  {
    "name": "snerps",
    "uuid": "c26605d4-8178-4df8-aef3-9fd46888911c",
    "cloak": "smoky"
  },
  {
    "name": "ItsblahgamingYT",
    "uuid": "d25dd82b-780e-4e4a-a30d-9add294676af",
    "cloak": "crimson"
  },
  {
    "name": "KickerDigger",
    "uuid": "dcc6e92a-8819-4662-be30-2daf2bbdae97",
    "cloak": "violet"
  },
  {
    "name": "tigris62716",
    "uuid": "acc79089-53c6-4e6b-b325-f51c7f4fa415",
    "cloak": "smoky"
  },
  {
    "name": "MelodyBlue_",
    "uuid": "ae743d62-be64-4f5e-91db-f89e61909497",
    "cloak": "azure"
  },
  {
    "name": "BOBY_JOE_THE_3",
    "uuid": "5251ae59-6fae-4272-a547-87c1ed252e7e",
    "cloak": "cosmic"
  },
  {
    "name": "purrmochii",
    "uuid": "89cfdab5-0822-402a-9a98-86213b4cef41",
    "cloak": "crimson"
  },
  {
    "name": "MLB_BRAEDEN",
    "uuid": "7539b3b1-7c38-42ef-a427-f06d0c4dd180",
    "cloak": "crimson"
  },
  {
    "name": "BlockedUser",
    "uuid": "37286282-bead-4338-b952-a311e2aee82f",
    "cloak": "azure"
  },
  {
    "name": "lemon",
    "uuid": "f6f91c99-a785-410a-9d17-86654988e065",
    "cloak": "violet"
  },
  {
    "name": "TheGreatInferno",
    "uuid": "ae62b758-f0f6-4b60-a6b9-b060bc8454d6",
    "cloak": "cosmic"
  },
  {
    "name": "enerGstone",
    "uuid": "ea1c71ed-d089-4f19-a46d-576c6d2ffc87",
    "cloak": "mint"
  },
  {
    "name": "Ripitibi",
    "uuid": "3b91602c-3cce-47b8-82cd-510540bfa878",
    "cloak": "mint"
  },
  {
    "name": "shrobbyy",
    "uuid": "7f82c864-dd8d-4f91-8d6b-9f7d8a91c06a",
    "cloak": "void"
  },
  {
    "name": "Axiuss",
    "uuid": "ff470c66-7d80-4a18-b04c-02862a4db87b",
    "cloak": "mystic"
  },
  {
    "name": "M4r10xD",
    "uuid": "3d5241ea-2bdf-4388-9b6f-b023251a5616",
    "cloak": "enchanted-jeb"
  },
  {
    "name": "wizarduke",
    "uuid": "9b708813-0bb0-4306-8718-c965aca620cc",
    "cloak": "crimson"
  },
  {
    "name": "sidwawa",
    "uuid": "d6ab7f4a-bbc4-47d8-8c9b-7f8bd0132a2e",
    "cloak": "void"
  },
  {
    "name": "Glenz",
    "uuid": "7fa51014-8fbb-4c23-8615-179892652238",
    "cloak": "trans"
  },
  {
    "name": "I_Am_Some_Guy",
    "uuid": "7f3d4a74-74cc-4853-914c-f313c277f6ef",
    "cloak": "crimson"
  },
  {
    "name": "Trumpalumpus",
    "uuid": "bf4a0427-5851-496c-8ad2-2e1a58ff408b",
    "cloak": "void"
  },
  {
    "name": "LauseKrause",
    "uuid": "294ff89e-35ae-4f4d-8c04-cfbfb11169cd",
    "cloak": "golden"
  },
  {
    "name": "tjlock",
    "uuid": "bd9f549a-94bc-46d7-965c-e3003a5a71f0",
    "cloak": "golden"
  },
  {
    "name": "JustBNS",
    "uuid": "99ba85fc-20d7-4fbe-a21e-57374ed37d59",
    "cloak": "void"
  },
  {
    "name": "fancy",
    "uuid": "8f1fd668-8132-4693-b06b-18497603670e",
    "cloak": "cosmic"
  },
  {
    "name": "JustAnGhost",
    "uuid": "b24da0c1-4dd4-470b-832a-669e41ac40c8",
    "cloak": "cosmic"
  },
  {
    "name": "Brimstone456",
    "uuid": "5181a304-7bc0-402e-8e22-334e524183a7",
    "cloak": "crimson"
  },
  {
    "name": "The9Lord",
    "uuid": "4cef2be1-d1cc-4e67-abc2-c752365a3f0c",
    "cloak": "crimson"
  },
  {
    "name": "SapphireSparkle",
    "uuid": "27d918b2-9092-416e-a87f-5e73aec6337f",
    "cloak": "void"
  },
  {
    "name": "AdonHamor",
    "uuid": "1cc3081d-a979-42f8-bb23-fdcb1a60272b",
    "cloak": "golden"
  },
  {
    "name": "snozberriezz",
    "uuid": "e2477273-0601-4d9e-9ea5-9f28316dca1e",
    "cloak": "trans"
  },
  {
    "name": "Greief",
    "uuid": "af723c4d-351b-48f4-ac85-12d52f38120d",
    "cloak": "golden"
  },
  {
    "name": "TeuflischerPole",
    "uuid": "1e9b8b55-619c-4dc2-bf1a-97ca62ca277a",
    "cloak": "void"
  },
  {
    "name": "L1ttleCub",
    "uuid": "727b3447-1653-4a02-ac45-f8a4ccf8566f",
    "cloak": "bi"
  },
  {
    "name": "DarkCxbe",
    "uuid": "e10f9cf8-34e2-4962-9c25-fa7602f2ca98",
    "cloak": "cosmic"
  },
  {
    "name": "AcidParasite",
    "uuid": "6dc09ce5-0732-4fe0-8dec-a1f01ea078f0",
    "cloak": "mystic"
  },
  {
    "name": "LauseLucy",
    "uuid": "aac314d6-21c2-4054-9ede-8fcd436ef401",
    "cloak": "cosmic"
  },
  {
    "name": "Phondu",
    "uuid": "e6efa53b-855e-47d9-89f2-afec1b3012d0",
    "cloak": "smoky"
  },
  {
    "name": "JM257",
    "uuid": "3165ea86-8326-4d34-af04-29e5b8bb9d32",
    "cloak": "void"
  },
  {
    "name": "JM149",
    "uuid": "fa397bbf-f7bc-4117-a03f-7b59e0c0395c",
    "cloak": "void"
  },
  {
    "name": "_JWX",
    "uuid": "51fae04d-cbfc-4192-907b-1f415b5bc671",
    "cloak": "void"
  },
  {
    "name": "KaiPlayz",
    "uuid": "c6e27c8b-b03d-4e5f-aa9b-29035c76c3e7",
    "cloak": "crimson"
  },
  {
    "name": "Saiko_Chan",
    "uuid": "968a52ea-99d8-410e-afcb-cc096e200187",
    "cloak": "void"
  },
  {
    "name": "_VaSiLiCh_",
    "uuid": "bcaee2ef-e2b8-4b3f-821e-ba637ed1e217",
    "cloak": "uni"
  },
  {
    "name": "lootidiezweite",
    "uuid": "611f3bad-1b1a-43cf-8aaf-d55728622fc8",
    "cloak": "pride"
  },
  {
    "name": "Casmin7",
    "uuid": "82f7ff2f-dabd-4b69-9217-fbbd8d63ccff",
    "cloak": "mystic"
  },
  {
    "name": "M4XT4STIC",
    "uuid": "15420198-218b-4ad6-a8a7-4f9576f007a7",
    "cloak": "trans"
  },
  {
    "name": "Harvey_Goody",
    "uuid": "3cc33278-f220-496b-821e-96ecb3b095f4",
    "cloak": "mint"
  },
  {
    "name": "TokyoInkSans",
    "uuid": "9b6639d3-caae-4797-b8fe-2611bc7108f9",
    "cloak": "uni"
  },
  {
    "name": "EmbershadeSC",
    "uuid": "9d7cafd8-b6ad-4c24-a9f8-516a0b280169",
    "cloak": "bi"
  },
  {
    "name": "ooNeptune",
    "uuid": "a903daf9-a401-4e13-adf9-0e8594a67a40",
    "cloak": "azure"
  },
  {
    "name": "Bomb_JMA",
    "uuid": "80bd076a-16a1-4829-8eb9-3f44f985c7aa",
    "cloak": "smoky"
  },
  {
    "name": "CobenACOG",
    "uuid": "6fa87dd8-11f2-45b1-b60b-671e939c128b",
    "cloak": "enchanted-jeb"
  },
  {
    "name": "Just_a_Mango",
    "uuid": "0c8bf821-e142-4c5c-bb7a-6a9c39afcd7f",
    "cloak": "military"
  },
  {
    "name": "FoxGamer9YT",
    "uuid": "c56d2b49-bbbd-4352-a7c1-502d96c55e26",
    "cloak": "bi"
  },
  {
    "name": "Arshle",
    "uuid": "9eebbd9f-a380-441d-920c-ca66e6602b8e",
    "cloak": "void"
  },
  {
    "name": "fishysqrty",
    "uuid": "8c1f9a95-268b-4ae7-a5a7-64a898bf617a",
    "cloak": "smoky"
  },
  {
    "name": "RA12345",
    "uuid": "4966b9e8-0dd9-4561-a296-00adbff38dc6",
    "cloak": "void"
  },
  {
    "name": "Asylbek312",
    "uuid": "b0c3c472-46e1-42d9-8872-9ddfe7572b17",
    "cloak": "golden"
  },
  {
    "name": "falldiagram9314",
    "uuid": "31dd1918-861f-439c-b4fd-cbec509a38a1",
    "cloak": "golden"
  },
  {
    "name": "RockyWharf",
    "uuid": "1da753e1-b6c9-4574-9c2d-a523414faa39",
    "cloak": "cosmic"
  },
  {
    "name": "MintNo0dle",
    "uuid": "3efabb45-d683-4ec2-927f-dbb40e369fd6",
    "cloak": "mint"
  },
  {
    "name": "Howard_99",
    "uuid": "740f769a-837c-461b-9d52-5a92da0c6414",
    "cloak": "golden"
  },
  {
    "name": "Whereismyname",
    "uuid": "2d864a30-9ed2-421f-9efa-5b1e1abf159c",
    "cloak": "mystic"
  },
  {
    "name": "Punkinator7",
    "uuid": "45102f8e-f47f-4512-be5e-c785d38a3c11",
    "cloak": "golden"
  },
  {
    "name": "Winter_Cevee",
    "uuid": "9adbd74a-c125-4f54-92a5-1e4789f74c02",
    "cloak": "turtle"
  },
  {
    "name": "Rostls",
    "uuid": "ccbf0e2e-055c-4b2d-bd93-9cb2026035c3",
    "cloak": "violet"
  },
  {
    "name": "OliviaTheVampire",
    "uuid": "b344687b-ec74-479a-9540-1aa8ccb13e92",
    "cloak": "genderfluid"
  },
  {
    "name": "JLsuperpro9",
    "uuid": "34c29ebc-cbb3-4ff3-a547-4f0f9de84ee6",
    "cloak": "pumpkin"
  },
  {
    "name": "Spazzrocket",
    "uuid": "860a2ef1-579e-4700-9a05-ffebd4ec9a9a",
    "cloak": "swirly"
  },
  {
    "name": "Skyda_X5",
    "uuid": "57c2bbaf-ff16-4527-b34b-7e33f31982af",
    "cloak": "flamingo"
  },
  {
    "name": "Julizitrone",
    "uuid": "63f0b03a-ebbf-4f10-b41e-f44d7a782a4c",
    "cloak": "void"
  },
  {
    "name": "ZaraPan",
    "uuid": "c1addbf8-5a88-49db-832f-97844a7117d5",
    "cloak": "trans"
  },
  {
    "name": "BinaryCitizen",
    "uuid": "ff38a59f-1c9c-4f17-b0a0-f03f546bc453",
    "cloak": "demiromantic"
  },
  {
    "name": "Richazilla",
    "uuid": "8c2cd158-72e6-4308-af7a-82b5ac950db0",
    "cloak": "cosmic"
  },
  {
    "name": "SmokeyStorm18",
    "uuid": "813e368d-30de-4050-8b48-b3513d0bf220",
    "cloak": "asexual"
  },
  {
    "name": "ox0badErr0r",
    "uuid": "43742860-fdd9-4796-b85c-7f8e37125540",
    "cloak": "uni"
  },
  {
    "name": "jeanbatiste",
    "uuid": "5e53c83c-89fc-42e4-b2f8-7ee2c8b8222c",
    "cloak": "void"
  },
  {
    "name": "Xyztrons",
    "uuid": "a71ca857-1bf9-4497-a9ee-4a8dbfbc7d0d",
    "cloak": "enchanted-jeb"
  },
  {
    "name": "iam_karan",
    "uuid": "0d5f888f-ef70-4607-8d1e-114035db6437",
    "cloak": "mystic"
  },
  {
    "name": "MKK4559",
    "uuid": "1beb4706-a674-450b-9f5e-18e799497a67",
    "cloak": "crimson"
  },
  {
    "name": "kickerdigger",
    "uuid": "dcc6e92a-8819-4662-be30-2daf2bbdae97",
    "cloak": "cosmic"
  },
  {
    "name": "twilitwitch",
    "uuid": "a2cfaab0-c7f7-4207-b50b-db783c73c68a",
    "cloak": "bi"
  },
  {
    "name": "gamer_the_dog",
    "uuid": "bc155359-c422-477a-9424-57fb94e0adc6",
    "cloak": "mint"
  },
  {
    "name": "kyleraykbs",
    "uuid": "bbe17956-fa83-4e18-9208-f541a1b52bff",
    "cloak": "cosmic"
  },
  {
    "name": "RedPandaInASuit",
    "uuid": "3d211e33-3808-40f0-a840-688f924d1b7b",
    "cloak": "uni"
  },
  {
    "name": "Ayim",
    "uuid": "9b8b8d9c-f965-43f0-8c00-5b6959b1df9f",
    "cloak": "smoky"
  },
  {
    "name": "ilkerbey",
    "uuid": "d24f42d7-e87e-4791-8b14-5158c9d8352c",
    "cloak": "enchanted-jeb"
  },
  {
    "name": "Otterax28",
    "uuid": "71b4a169-4b5d-44e0-95d0-61f3daa15eb3",
    "cloak": "cosmic"
  },
  {
    "name": "ShoriHiraku",
    "uuid": "b4bf0ca8-d667-4b04-a0b2-34dce1b22f49",
    "cloak": "cosmic"
  },
  {
    "name": "x_mpr",
    "uuid": "fe0fe1c4-0be0-4971-afb7-b468f033d262",
    "cloak": "void"
  },
  {
    "name": "monman3h",
    "uuid": "23e8a591-b1b0-4867-b007-e596c5fa23b9",
    "cloak": "smoky"
  },
  {
    "name": "Lightining_",
    "uuid": "69ca3efd-f59f-4bca-a874-642991807743",
    "cloak": "golden"
  },
  {
    "name": "WanderingTraders",
    "uuid": "984327e7-1d24-48f8-abd9-7730147b3de1",
    "cloak": "lapis"
  },
  {
    "name": "Graphite",
    "uuid": "fa297430-dc3a-48d9-a8ea-1c4c3f81be91",
    "cloak": "cosmic"
  },
  {
    "name": "Oznomaly",
    "uuid": "07e92b5b-d9b5-4646-bee5-179844b9f521",
    "cloak": "void"
  },
  {
    "name": "silentspark_",
    "uuid": "556f4503-c5e6-47c0-a786-e3aac12fd9d0",
    "cloak": "void"
  },
  {
    "name": "felipev019",
    "uuid": "49f1e12d-aa41-44b5-8326-be90b8292a76",
    "cloak": "crimson"
  },
  {
    "name": "stickyGuy",
    "uuid": "461a6601-318c-4c70-8369-f50ae00075e1",
    "cloak": "mystic"
  },
  {
    "name": "Haelfury",
    "uuid": "2fda5af3-05a9-41d4-a934-a842fb71213e",
    "cloak": "mystic"
  },
  {
    "name": "Kn1ghtNight",
    "uuid": "1c20cf3c-85bf-4398-a996-c432e1cc1974",
    "cloak": "jeb"
  },
  {
    "name": "HeyAmAK9",
    "uuid": "38113444-0bc0-4502-9a4c-17903067907c",
    "cloak": "crimson"
  },
  {
    "name": "RomenelSarrador",
    "uuid": "a3e3df82-95cc-481c-aa48-fb6d4e6ccdf8",
    "cloak": "crimson"
  },
  {
    "name": "YourIntrovert",
    "uuid": "34b22e32-c056-4e16-a886-1d7dc1df5de7",
    "cloak": "uni"
  },
  {
    "name": "DaveFalcon",
    "uuid": "67e1b903-b556-479a-b75f-f279de75b310",
    "cloak": "void"
  },
  {
    "name": "kipzxz",
    "uuid": "7cbe4761-0b76-498b-a608-c8eb5a1444eb",
    "cloak": "trans"
  },
  {
    "name": "ThreeSummer9468",
    "uuid": "d2451759-1025-44f6-b335-e9d173dac93f",
    "cloak": "void"
  },
  {
    "name": "Mr_RF_",
    "uuid": "66dc13c2-f3f9-4d39-93b2-f85a70e3e720",
    "cloak": "pumpkin"
  },
  {
    "name": "Gunjammed",
    "uuid": "34a7dce4-f624-45ca-b196-f6e98d3a1907",
    "cloak": "cosmic"
  },
  {
    "name": "ZorroHedgehog",
    "uuid": "c75cb352-1afa-4a91-a969-6ba9befba597",
    "cloak": "swirly"
  },
  {
    "name": "kingpin_avin",
    "uuid": "c865ab1b-65c6-4a9c-ab26-6cecb5e0c066",
    "cloak": "uni"
  },
  {
    "name": "VertUmAel",
    "uuid": "5491f171-baa3-4e66-81ec-4f7956909c71",
    "cloak": "uni"
  },
  {
    "name": "32B_",
    "uuid": "cb7fadb2-0e3a-444f-8a25-379761cdcffd",
    "cloak": "military"
  },
  {
    "name": "Urmom",
    "uuid": "6f5b9f89-b095-43b0-9c49-03616768999b",
    "cloak": "swirly"
  },
  {
    "name": "HyphOn_495",
    "uuid": "b7f3f9bb-d41b-43e3-a1ff-d8e2412ddd9e",
    "cloak": "void"
  },
  {
    "name": "Rhbarber",
    "uuid": "5a745e1f-5452-4657-a595-b727561064e1",
    "cloak": "void"
  },
  {
    "name": "alexgark01",
    "uuid": "e00728f1-2008-472e-95f3-dcdb60926903",
    "cloak": "mystic"
  },
  {
    "name": "Dragoon_Mii",
    "uuid": "29a3589f-43a1-46b7-9238-37b3d7900e8e",
    "cloak": "crimson"
  },
  {
    "name": "Skidoow",
    "uuid": "ad856e67-3a20-4393-a848-83a83f9d28a1",
    "cloak": "mint"
  },
  {
    "name": "sirokv",
    "uuid": "86722384-d104-4d36-bbc8-2ae2cb92c838",
    "cloak": "mint"
  },
  {
    "name": "SrFennec",
    "uuid": "a5247df3-176d-4da1-9977-cb6508906da2",
    "cloak": "pumpkin"
  },
  {
    "name": "xXPyro_WalkerXx",
    "uuid": "dbd57cb7-4f07-4234-9f83-2e3f915ae97b",
    "cloak": "enchanted-jeb"
  },
  {
    "name": "jjjj555",
    "uuid": "a499fd8d-f655-4c7c-9409-8a7cf540e2f5",
    "cloak": "coffee"
  },
  {
    "name": "TombTag",
    "uuid": "79927100-0d8f-4574-be6d-368768e1ffae",
    "cloak": "void"
  },
  {
    "name": "smog187",
    "uuid": "c007ca19-ac34-4188-9b82-e51e5d8eeec8",
    "cloak": "lapis"
  },
  {
    "name": "Slymeball",
    "uuid": "0dfa29a5-136c-444d-92de-b1e217549019",
    "cloak": "mint"
  },
  {
    "name": "MirrorHall_Clay",
    "uuid": "4bd0fc17-617f-45c3-81b8-7ec323279758",
    "cloak": "asexual"
  },
  {
    "name": "BlastedBongos",
    "uuid": "cd8dab43-132b-4dec-9ae8-7fd949ffaf61",
    "cloak": "pan"
  },
  {
    "name": "Impalerr",
    "uuid": "12d05d09-6e9b-4597-b0d6-f45658a33c2d",
    "cloak": "crimson"
  },
  {
    "name": "light_24",
    "uuid": "6151f68c-f445-4258-bb71-1b798d71da81",
    "cloak": "azure"
  },
  {
    "name": "MilkMan_Inc",
    "uuid": "208cc594-c640-4dca-9239-7e4957756cc6",
    "cloak": "trans"
  },
  {
    "name": "Luki45x",
    "uuid": "78a29f9e-9b24-4e74-bf33-180e9a839647",
    "cloak": "mint"
  },
  {
    "name": "Ametvyst",
    "uuid": "d1c6f1a4-e78b-4e47-9119-8bd9b01865cb",
    "cloak": "void"
  },
  {
    "name": "Radioactive_Noob#9632",
    "uuid": "067e0f34-6935-4e0b-ba57-e8eb5d84f16a",
    "cloak": "crimson"
  },
  {
    "name": "BlackandBlue101",
    "uuid": "cc90874f-cf39-4683-b620-ec73ac39d29d",
    "cloak": "lapis"
  },
  {
    "name": "TransFoxGal",
    "uuid": "cca9d0bc-f9a8-4b7d-a08d-450ecb709013",
    "cloak": "trans"
  },
  {
    "name": "SenorDiegoBernab",
    "uuid": "e32b306b-3e19-4ff4-b063-0593edcbe0c4",
    "cloak": "jeb"
  },
  {
    "name": "Ghostbour",
    "uuid": "568562bf-eb9b-4f6c-a200-53a11704e500",
    "cloak": "void"
  },
  {
    "name": "Rastin24",
    "uuid": "dfc2aa9b-4183-4b7d-b57b-07d08403db83",
    "cloak": "crimson"
  },
  {
    "name": "Tender_one",
    "uuid": "febd6b4f-94e9-4b9b-892a-237bc49ce335",
    "cloak": "void"
  },
  {
    "name": "Taymer30",
    "uuid": "bb109de6-770e-4b7a-b98c-464049b1b221",
    "cloak": "cosmic"
  },
  {
    "name": "Vinceus",
    "uuid": "9d75f1a8-a52f-4729-8d7d-6de3c0781d2f",
    "cloak": "mystic"
  },
  {
    "name": "Penguin_Spy",
    "uuid": "dfbd911d-9775-495e-aac3-efe339db7efd",
    "cloak": "non-binary"
  },
  {
    "name": "Danqer242025",
    "uuid": "29d99436-c733-4921-95bc-4c7fe9916cfd",
    "cloak": "coffee"
  },
  {
    "name": "VoltPunk",
    "uuid": "3e04dd13-cf0f-4b90-9534-0fdf927d82ad",
    "cloak": "pumpkin"
  },
  {
    "name": "flagz_",
    "uuid": "059dafec-9c00-485b-bf42-2883fb5c166b",
    "cloak": "jeb"
  },
  {
    "name": "DotFunds",
    "uuid": "afcebe4f-788c-437f-8953-0659ff33c5f4",
    "cloak": "bi"
  },
  {
    "name": "Nyxiri_",
    "uuid": "72ec68df-bb9c-4223-899f-a437008361f9",
    "cloak": "bi"
  },
  {
    "name": "VendixDilan",
    "uuid": "2bb1c666-676f-4154-a185-1d0b1f490a22",
    "cloak": "pumpkin"
  },
  {
    "name": "Thib1000",
    "uuid": "d962af2c-0089-48cb-acf9-536cb009dff3",
    "cloak": "crimson"
  },
  {
    "name": "Snlcla",
    "uuid": "a1ab4172-cfb0-492d-b691-8f5403b0f2dd",
    "cloak": "azure"
  },
  {
    "name": "jqms",
    "uuid": "218b23e7-525f-4319-ab43-21416db0fce2",
    "cloak": "void"
  },
  {
    "name": "kubabuba005",
    "uuid": "62b3ea8e-5b0f-42ca-bc57-a341ee27b2a2",
    "cloak": "pride"
  },
  {
    "name": "DragonFire",
    "uuid": "3014fec3-11a2-4503-bd50-6421cd0d5e09",
    "cloak": "azure"
  },
  {
    "name": "Andreway",
    "uuid": "4a9630da-ec9e-465e-9726-0e59354ddefd",
    "cloak": "void"
  },
  {
    "name": "DINCYGAMING",
    "uuid": "043ff70a-e813-4a93-ba21-dd2b7a751c34",
    "cloak": "enchanted-jeb"
  },
  {
    "name": "THOMAS_THE_TRAIN",
    "uuid": "209a0f2e-9ed2-44bd-85da-3b159232f9c8",
    "cloak": "bi"
  },
  {
    "name": "SoobieB",
    "uuid": "b7761cba-1bf2-4a2d-bd4e-5ce9fe610a16",
    "cloak": "azure"
  },
  {
    "name": "6cpsboi",
    "uuid": "21d4b6b5-00ac-4ca5-a53e-255a66265f4a",
    "cloak": "golden"
  },
  {
    "name": "Dotmore",
    "uuid": "1628c84d-35af-4170-b62e-51999f98b9b1",
    "cloak": "pride"
  },
  {
    "name": "Doggo__",
    "uuid": "e80331a3-9e5a-4aae-8906-7279fdec1971",
    "cloak": "trans"
  },
  {
    "name": "KodaWulfen",
    "uuid": "c8dce569-2346-4c76-810f-22d4c7f2c088",
    "cloak": "cosmic"
  },
  {
    "name": "Matiq2302",
    "uuid": "44d12be6-3e01-44c2-b42f-fa5ad9b9764e",
    "cloak": "azure"
  },
  {
    "name": "Minecraft_Slime",
    "uuid": "190cab19-9f23-423c-bd6d-238691f88480",
    "cloak": "uni"
  },
  {
    "name": "Gameboysdatabase",
    "uuid": "1a3aa087-92fa-428b-8ebc-1b5dedaa29b5",
    "cloak": "golden"
  },
  {
    "name": "jaeric",
    "uuid": "572303e8-d862-4412-97fa-9337d311b9af",
    "cloak": "coffee"
  },
  {
    "name": "IamAlex369",
    "uuid": "3a0cf591-54b3-40a6-a19f-a3f22928f941",
    "cloak": "lapis"
  },
  {
    "name": "Z_EK",
    "uuid": "84cf58ac-118d-4181-a718-7217a279e304",
    "cloak": "crimson"
  },
  {
    "name": "LDA444",
    "uuid": "70e27b3a-3cd5-47ae-9c69-102ffc928e6f",
    "cloak": "pumpkin"
  },
  {
    "name": "PencilVoid",
    "uuid": "5b3e244a-ef74-421e-8fb9-624cd22ca1d0",
    "cloak": "genderfluid"
  },
  {
    "name": "SapphireSpar",
    "uuid": "105a213f-0fcf-42cc-b098-93b6b6b00989",
    "cloak": "violet"
  },
  {
    "name": "IncubusWoods",
    "uuid": "5802afad-e986-46da-ae84-4032125d799a",
    "cloak": "golden"
  },
  {
    "name": "NCT_Justice",
    "uuid": "1c40e8c0-2463-4f6b-b936-5ecb962befba",
    "cloak": "azure"
  },
  {
    "name": "ChezyWhezy",
    "uuid": "6709293b-f202-48d0-8c36-bcb2b5066c97",
    "cloak": "pumpkin"
  },
  {
    "name": "_TOCT_",
    "uuid": "8ccf17c5-32b0-4b2f-9847-b27171654288",
    "cloak": "smoky"
  },
  {
    "name": "fubukaze",
    "uuid": "70427bf9-3506-4e3e-9b91-ba9e3800054d",
    "cloak": "trans"
  },
  {
    "name": "AStaleWaffle",
    "uuid": "5cd67c63-e3c2-43a7-ab0b-b9780ef7152c",
    "cloak": "enchanted-jeb"
  },
  {
    "name": "Aquastrial",
    "uuid": "9b7f9ede-55ae-4990-b601-be8ac28f687e",
    "cloak": "mint"
  },
  {
    "name": "_JesPlays_",
    "uuid": "73b61431-da0d-4713-966e-936230cb81f7",
    "cloak": "enchanted-jeb"
  },
  {
    "name": "neAlexei4884",
    "uuid": "7519e1f8-6e57-43e3-a165-acc400aaf3b8",
    "cloak": "smoky"
  },
  {
    "name": "s596",
    "uuid": "415a1172-1205-418d-99b8-b18806609b36",
    "cloak": "smoky"
  },
  {
    "name": "Solstice_X",
    "uuid": "68f6a3cf-7fd0-4ee0-bd68-0ae1f28926ef",
    "cloak": "cosmic"
  },
  {
    "name": "FadingPhantoms",
    "uuid": "b866110c-dc81-47a6-b199-ee7fc3bb87e6",
    "cloak": "azure"
  },
  {
    "name": "MegaPig31",
    "uuid": "c186bf70-d187-4ac4-898f-692ed30375a8",
    "cloak": "crimson"
  },
  {
    "name": "Glitterest",
    "uuid": "aae6145f-1514-4035-8022-20ce95c8e217",
    "cloak": "cosmic"
  },
  {
    "name": "Ekolezio",
    "uuid": "aebc7bfd-a5f1-4114-ac49-501b668d7a09",
    "cloak": "mint"
  },
  {
    "name": "GandalfTheDanke",
    "uuid": "01ed8c37-8bab-4424-9ca6-3bc65c775477",
    "cloak": "void"
  },
  {
    "name": "ErasedTruth",
    "uuid": "b644985c-8e73-4983-9773-84a90f6dbadc",
    "cloak": "mystic"
  },
  {
    "name": "dtdx",
    "uuid": "bf7b953f-6365-4e6c-baa9-d7468ad72347",
    "cloak": "enchanted-jeb"
  },
  {
    "name": "Posuwa",
    "uuid": "c7225750-f885-4eb0-bbec-fac69b1bace0",
    "cloak": "trans"
  },
  {
    "name": "arid",
    "uuid": "e1dc50f5-45ae-4d5a-a02f-2fe6ea383fd8",
    "cloak": "lapis"
  },
  {
    "name": "Eduardosq",
    "uuid": "ff71f865-3cfd-4076-bf56-71eb5a4a0114",
    "cloak": "jeb"
  },
  {
    "name": "huascar321",
    "uuid": "cd4e8d7f-c925-4c3a-b98a-a8ef0ca0f545",
    "cloak": "void"
  },
  {
    "name": "Grayskulll",
    "uuid": "00d5f600-d470-41fb-bc1e-7861382e204d",
    "cloak": "pan"
  },
  {
    "name": "Monkeygogobeans",
    "uuid": "80304cae-bee0-4123-8eaf-62e731808b78",
    "cloak": "lapis"
  },
  {
    "name": "EEGAR",
    "uuid": "ac346bac-cea2-4baf-9db8-520732efd23a",
    "cloak": "void"
  },
  {
    "name": "Mediocre___",
    "uuid": "4637078c-9feb-42f3-bc60-1e5ff06e9dc5",
    "cloak": "void"
  },
  {
    "name": "Litberries",
    "uuid": "29254699-f973-47f5-8a42-d1de55dddb1e",
    "cloak": "uni"
  },
  {
    "name": "RomanMly",
    "uuid": "f0483756-d548-4401-b349-04bf0b722ab1",
    "cloak": "pan"
  },
  {
    "name": "JothGC",
    "uuid": "924bffd9-bd45-43db-bd23-27b02fa65175",
    "cloak": "trans"
  },
  {
    "name": "PeachMimosa",
    "uuid": "b4b0a9e8-c151-4c55-b177-11805147fd19",
    "cloak": "golden"
  },
  {
    "name": "LalaSofi",
    "uuid": "4568bcdb-226e-48ca-aba9-23770ff599c0",
    "cloak": "azure"
  },
  {
    "name": "N1GHTM4RE666",
    "uuid": "8ae27937-078b-4295-84fa-c2aad4b6c909",
    "cloak": "void"
  },
  {
    "name": "vertumael",
    "uuid": "5491f171-baa3-4e66-81ec-4f7956909c71",
    "cloak": "swirly"
  },
  {
    "name": "xDieSchokoAmEnde",
    "uuid": "3a02472d-c4bd-4712-8def-7b48b56227a3",
    "cloak": "jeb"
  },
  {
    "name": "Haikis",
    "uuid": "bf22cca4-60b6-4ab2-8c4d-fb38175d2697",
    "cloak": "violet"
  },
  {
    "name": "TheDarkSorcerer",
    "uuid": "5a52e41b-c66b-47a4-bd33-faa780bc5e36",
    "cloak": "cosmic"
  },
  {
    "name": "LJC_100",
    "uuid": "7fc03234-006a-47db-8f6b-552f2c2c9c4a",
    "cloak": "swirly"
  },
  {
    "name": "Dat_Kat32",
    "uuid": "42a7cb70-40d9-4e84-b306-281451e18548",
    "cloak": "cosmic"
  },
  {
    "name": "Spusik",
    "uuid": "c3de6046-0102-4f2c-a689-cda17d5b2da2",
    "cloak": "void"
  },
  {
    "name": "seththecheetah",
    "uuid": "5a9dbc72-70bf-4b20-bec4-e427f98b76d2",
    "cloak": "gay"
  },
  {
    "name": "CyaLaterAllRight",
    "uuid": "86633fa9-06dc-4de2-86dd-d0a7f3569599",
    "cloak": "bi"
  },
  {
    "name": "smileystingray",
    "uuid": "15976cd6-a3db-4480-ada1-47051bd5d8aa",
    "cloak": "jeb"
  },
  {
    "name": "Ketxhup215",
    "uuid": "6d748567-8362-4093-a481-8ff8120a8610",
    "cloak": "mint"
  },
  {
    "name": "_Volv",
    "uuid": "87686f48-c3cc-41fc-b757-16637d69bd1b",
    "cloak": "trans"
  },
  {
    "name": "Leeko",
    "uuid": "4f4a00a5-4b59-4267-a6ac-829e09fea408",
    "cloak": "uni"
  },
  {
    "name": "Leekos",
    "uuid": "5f099141-9cbe-41c4-9c71-f80c1d29a3de",
    "cloak": "uni"
  },
  {
    "name": "ketxhup215",
    "uuid": "6d748567-8362-4093-a481-8ff8120a8610",
    "cloak": "bi"
  },
  {
    "name": "Rytchet",
    "uuid": "859b2741-2c2d-4dfe-b8a2-ad9da7b78b32",
    "cloak": "flamingo"
  },
  {
    "name": "Qorra",
    "uuid": "bb63a6d5-06e5-4f98-9d58-51f0e2a0476c",
    "cloak": "pride"
  },
  {
    "name": "Qorraa",
    "uuid": "4229c883-7ea0-4f9e-8dd8-0fe1011eec52",
    "cloak": "pan"
  },
  {
    "name": "Hangjai",
    "uuid": "7802c0bc-a691-4c90-a9ee-ebf3f50ef35c",
    "cloak": "pan"
  },
  {
    "name": "CherenTheCat",
    "uuid": "832e0da3-c8a6-488b-bc38-b1ae365e7e7f",
    "cloak": "void"
  },
  {
    "name": "Aikoyori",
    "uuid": "917af684-19ae-44dc-8eb4-18b1b5f3cda6",
    "cloak": "mint"
  },
  {
    "name": "redacted187",
    "uuid": "24e2de38-dad9-4a50-aae8-02b07d5ea6ac",
    "cloak": "trans"
  },
  {
    "name": "K1NG_PUFF",
    "uuid": "14b358ea-0883-47e7-932e-c2f445fd7b9b",
    "cloak": "non-binary"
  },
  {
    "name": "cwni",
    "uuid": "6d35d324-83f9-4896-a13a-e06f141d5ef2",
    "cloak": "pan"
  },
  {
    "name": "_VolvTwo",
    "uuid": "247ba2a4-ba0e-49b9-a3ca-c6c85db7f37d",
    "cloak": "non-binary"
  },
  {
    "name": "DrZeitgy",
    "uuid": "c2b4c694-3e63-481a-9d59-5450182fb1c0",
    "cloak": "cosmic"
  },
  {
    "name": "PinkGoosik",
    "uuid": "59abdc87-d23e-4877-beaf-a7bb84b15697",
    "cloak": "crimson"
  },
  {
    "name": "Fredzorg",
    "uuid": "d3c4cad0-47eb-4536-8589-9eda4132227e",
    "cloak": "cosmic"
  },
  {
    "name": "Meganodark",
    "uuid": "5d9c7410-06ac-4bfb-aa48-c567c004a1d7",
    "cloak": "azure"
  },
  {
    "name": "Marovomi_Akuza",
    "uuid": "426e8202-caff-4a3f-b442-42d807d9b4a7",
    "cloak": "golden"
  },
  {
    "name": "JuceDoesThings",
    "uuid": "1d2c9dba-258f-4c68-853c-52624d40705f",
    "cloak": "enchanted-jeb"
  },
  {
    "name": "giosuit",
    "uuid": "3a0f73aa-3509-4d1f-8e51-de2154fc8d62",
    "cloak": "jeb"
  },
  {
    "name": "Gibbzome",
    "uuid": "9f17f505-0537-430e-89b1-4c62a73d99b8",
    "cloak": "golden"
  },
  {
    "name": "Drachi65",
    "uuid": "a05ef7ef-9355-49e6-85f8-bf3b29b7add5",
    "cloak": "crimson"
  },
  {
    "name": "pixel128",
    "uuid": "b42b947b-5a21-4a75-9e7c-50697543aa7b",
    "cloak": "aromantic"
  },
  {
    "name": "Ferrlius",
    "uuid": "58b7df2a-f22a-4213-8db0-72391f375a51",
    "cloak": "gay"
  }
]